{"nodes":{"node:1":{"location":{"x":-252,"y":220}}},"selection":null,"view":{"scroll":{"x":-1104.327392578125,"y":-632.9566650390625},"visible_rect":{"max":{"x":-22.1008129119873047,"y":64.381927490234375},"min":{"x":-538.449951171875,"y":-308.6181640625}},"zoom":2.05093789100646973}}