{"nodes":{"node:440":{"location":{"x":-62,"y":29}},"node:446":{"location":{"x":-84,"y":225}},"node:809":{"location":{"x":274,"y":289}}},"selection":null,"view":{"scroll":{"x":-281.419158935546875,"y":127.305732727050781},"visible_rect":{"max":{"x":980.5810546875,"y":784.305908203125},"min":{"x":-281.419219970703125,"y":127.305763244628906}},"zoom":0.999999821186065674}}