{"nodes":{"node:97":{"location":{"x":9430,"y":746}}},"selection":null,"view":{"scroll":{"x":13758.505859375,"y":920.8768310546875},"zoom":1.4999997615814209}}