{"nodes":{"node:35":{"location":{"x":0,"y":0}}},"selection":null,"view":{"scroll":{"x":-327.54376220703125,"y":-310.6708984375},"visible_rect":{"max":{"x":1109.545166015625,"y":436.10089111328125},"min":{"x":-232.896377563476562,"y":-220.89910888671875}},"zoom":1.40639269351959229}}